"#NAME","sample.id","BarcodeSequence","LinkerPrimerSequence","Type","Individual","Periodontal_disease"
"SRR986774.fastq","S10-V5-Q-B61-calc","ACGAGTGCGT","CAGGATTAGATACCCTGGTAGTCC","Calculus","B61","Yes"
"SRR957750.fastq","S14-V5-P-B17-calc","ACGAGTGCGT","CAGGATTAGATACCCTGGTAGTCC","Calculus","B17","No"
"SRR957753.fastq","S15-V5-R-B78-calc","ACGAGTGCGT","CAGGATTAGATACCCTGGTAGTCC","Calculus","B78","No"
"SRR986778.fastq","S16S17-V5-K1-G12-root","ACGAGTGCGT","CAGGATTAGATACCCTGGTAGTCC","Root","G12","Yes"
"SRR986779.fastq","S16S17-V5-K2-G12-root","ACGAGTGCGT","CAGGATTAGATACCCTGGTAGTCC","Root","G12","Yes"
"SRR957756.fastq","S18S19-V5-L-B17-root","ACGAGTGCGT","CAGGATTAGATACCCTGGTAGTCC","Root","B17","No"
"SRR986782.fastq","S20S21-V5-M-B61-root","ACGAGTGCGT","CAGGATTAGATACCCTGGTAGTCC","Root","B61","Yes"
"SRR957760.fastq","S22S23-V5-N-B78-root","ACGAGTGCGT","CAGGATTAGATACCCTGGTAGTCC","Root","B78","No"
"SRR986773.fastq","S8-V5-O-G12-calc","ACGAGTGCGT","CAGGATTAGATACCCTGGTAGTCC","Calculus","G12","Yes"
